{
  "2": {
    "latent_dim": 2,
    "parameters": 469268,
    "beta": 0.0001,
    "train_total_loss": [
      0.05243081958889961,
      0.03474122480948766,
      0.03275071766376495,
      0.0314528928120931,
      0.03043019083539645,
      0.029763672625025113,
      0.029291201874613763,
      0.028963097975651424,
      0.028689549696445465,
      0.028493500992655754,
      0.028312120099862417,
      0.028212982980410257,
      0.02810777598818143,
      0.028057145781318345,
      0.028020620491107304
    ],
    "train_recon_loss": [
      0.05128434576789538,
      0.0336973365008831,
      0.03173301289081573,
      0.030457404442628226,
      0.02945166513721148,
      0.028805754272143047,
      0.02834761156141758,
      0.028026073628664015,
      0.027757910510897637,
      0.027567968113223713,
      0.02738786024649938,
      0.02728892152706782,
      0.02718519578675429,
      0.027132543471455575,
      0.02709589823881785
    ],
    "train_kl_loss": [
      11.464736860628923,
      10.438882295735677,
      10.177047979736328,
      9.954883448282878,
      9.785258043416341,
      9.57918350016276,
      9.435903498331706,
      9.370243621826171,
      9.316392328898113,
      9.2553283106486,
      9.242598721313476,
      9.240614472961425,
      9.225802368164063,
      9.246023619588216,
      9.247222854614257
    ],
    "test_total_loss": [
      0.03601135464310646,
      0.03350334183573723,
      0.031933310955762864,
      0.030860699743032457,
      0.029971493804454803,
      0.02969330070614815,
      0.029072206813097,
      0.028913046365976334,
      0.028877100759744645,
      0.028532917165756226,
      0.02853055694103241,
      0.028294320130348206,
      0.02823549119234085,
      0.02821969386935234,
      0.02820366048812866
    ],
    "test_recon_loss": [
      0.034874503111839296,
      0.032458649307489394,
      0.03092302413582802,
      0.029876432818174363,
      0.02896677179336548,
      0.028723595321178436,
      0.02814244863986969,
      0.027963167375326156,
      0.02794718004465103,
      0.027603565585613252,
      0.027605574345588683,
      0.02738100225329399,
      0.02731862645149231,
      0.027297559303045272,
      0.027280169856548308
    ],
    "test_kl_loss": [
      11.368517227172852,
      10.44692371520996,
      10.102868646240234,
      9.842668330383301,
      10.047218962097167,
      9.697054110717774,
      9.29758271484375,
      9.498790524291993,
      9.299206869506836,
      9.293516850280762,
      9.24982473449707,
      9.133180084228515,
      9.168647528076171,
      9.221347552490235,
      9.234905853271485
    ]
  },
  "8": {
    "latent_dim": 8,
    "parameters": 471584,
    "beta": 0.0001,
    "train_total_loss": [
      0.052763833117485046,
      0.027387874400615693,
      0.023692345983783406,
      0.021553598815202715,
      0.020360567208131154,
      0.0195912039210399,
      0.019058702317873637,
      0.018675189594427745,
      0.018392629273732503,
      0.018163286807139713,
      0.018000294026732446,
      0.017871878917018573,
      0.01778551173110803,
      0.017732753805319468,
      0.01770518026749293
    ],
    "train_recon_loss": [
      0.05107227869530519,
      0.02522329465150833,
      0.021578872573375703,
      0.01941437572638194,
      0.01822341647942861,
      0.017454170281688372,
      0.016921370495359103,
      0.01653938821852207,
      0.016251181849837305,
      0.016022066292663416,
      0.015858349606891472,
      0.01572776580750942,
      0.01563780408501625,
      0.015583331330617269,
      0.015554828476905824
    ],
    "train_kl_loss": [
      16.915544562212627,
      21.64579801940918,
      21.134734364827473,
      21.392230920410157,
      21.37150753885905,
      21.370337223307292,
      21.373318912760418,
      21.358014240519207,
      21.414474788411457,
      21.412205017089843,
      21.419444971720377,
      21.441131913248697,
      21.4770767384847,
      21.49422614847819,
      21.503518684895834
    ],
    "test_total_loss": [
      0.03143452597260475,
      0.025168278908729552,
      0.022568477946519852,
      0.02102571615576744,
      0.019937694507837295,
      0.01937959857583046,
      0.01896064257621765,
      0.018693799698352814,
      0.018391538468003274,
      0.018172190004587172,
      0.01804203896522522,
      0.01797041783928871,
      0.017891983672976494,
      0.01786666871011257,
      0.017829641610383987
    ],
    "test_recon_loss": [
      0.02924974110722542,
      0.023059781572222708,
      0.020480801618099214,
      0.018877482852339745,
      0.017797223711013794,
      0.017233610728383066,
      0.016862053814530372,
      0.016550514218211174,
      0.016249599444866182,
      0.016043595746159555,
      0.015908391889929773,
      0.0158356767475605,
      0.0157534400254488,
      0.0157172558426857,
      0.01568146896958351
    ],
    "test_kl_loss": [
      21.847850915527342,
      21.084974865722657,
      20.876763150024413,
      21.482334844970705,
      21.40470858154297,
      21.459880212402343,
      20.985887683105467,
      21.432855291748048,
      21.41939008178711,
      21.28594367980957,
      21.336472473144532,
      21.34741025085449,
      21.385436920166015,
      21.494128784179686,
      21.4817287689209
    ]
  },
  "32": {
    "latent_dim": 32,
    "parameters": 480848,
    "beta": 0.0001,
    "train_total_loss": [
      0.05326316837668419,
      0.02947269316315651,
      0.02548798666695754,
      0.023127945654590924,
      0.021599201825261115,
      0.020565201848745347,
      0.019810780927538872,
      0.01919716843267282,
      0.01872117974261443,
      0.018367128000656763,
      0.01810920940339565,
      0.0179205703407526,
      0.01779813807606697,
      0.01772429208556811,
      0.017687612772981327
    ],
    "train_recon_loss": [
      0.05094589130580425,
      0.026521436618765194,
      0.022571999328335125,
      0.020236856083075204,
      0.0187759411662817,
      0.017806671617428462,
      0.017090134843687217,
      0.016491509739557902,
      0.016028799165785312,
      0.01568015225082636,
      0.015428892746567726,
      0.015244017109274864,
      0.015124028652906418,
      0.015052055885394414,
      0.015015192503730457
    ],
    "train_kl_loss": [
      23.172772692871092,
      29.512566267903647,
      29.15987400716146,
      28.910896282958984,
      28.23260728149414,
      27.58530308939616,
      27.206461545817056,
      27.056588018798827,
      26.923806588745116,
      26.869758305867514,
      26.803167669677734,
      26.765532528686524,
      26.74109465942383,
      26.722362138875326,
      26.724203483072916
    ],
    "test_total_loss": [
      0.03371160469651222,
      0.026965733832120895,
      0.024292174410820006,
      0.022290607318282127,
      0.021063591814041136,
      0.020335054776072503,
      0.019573094654083252,
      0.019039452078938483,
      0.018632614248991014,
      0.018361346688866614,
      0.018124949181079864,
      0.017981360659003257,
      0.01787835192680359,
      0.017818864977359773,
      0.01781085589528084
    ],
    "test_recon_loss": [
      0.03083824592232704,
      0.024075793501734735,
      0.021378061106801034,
      0.019425889885425568,
      0.018331620541214944,
      0.017590158581733704,
      0.016815563184022903,
      0.01633400408029556,
      0.01588571089208126,
      0.015651014578342438,
      0.01544789896607399,
      0.015310673254728317,
      0.015228309264779092,
      0.015148809903860092,
      0.015137700241804122
    ],