{
  "2": {
    "latent_dim": 2,
    "parameters": 469010,
    "train_recon_loss": [
      0.0487410247027874,
      0.031298794161279994,
      0.02970897871454557,
      0.0288656344940265,
      0.028275867291291553,
      0.027859182899196942,
      0.02754103688200315,
      0.027290751377741496,
      0.027096584275364877,
      0.026902482541402182,
      0.026768638815482457,
      0.026644444568951924,
      0.026563830771048864,
      0.026501301980018616,
      0.026466468696792922
    ],
    "test_recon_loss": [
      0.032633555567264556,
      0.03016566992998123,
      0.029017278373241424,
      0.028506770265102385,
      0.028337670534849167,
      0.027775815242528916,
      0.027494230538606643,
      0.027299394649267197,
      0.02719668296575546,
      0.027089121156930924,
      0.026938076597452162,
      0.026869109225273132,
      0.026806972283124925,
      0.026770894134044647,
      0.026747923773527145
    ]
  },
  "8": {
    "latent_dim": 8,
    "parameters": 470552,
    "train_recon_loss": [
      0.04898316803673903,
      0.02373855795264244,
      0.02047607250014941,
      0.018794626883665722,
      0.01796149122218291,
      0.017374048987030984,
      0.016876529227693875,
      0.016469710443417232,
      0.01615688900152842,
      0.01592640981177489,
      0.015745197591185568,
      0.015613567474981148,
      0.015521253362794717,
      0.015464757124582926,
      0.015433848683039347
    ],
    "test_recon_loss": [
      0.02786996163725853,
      0.021795597285032272,
      0.01941509509384632,
      0.018373795890808106,
      0.017765176609158516,
      0.017272596660256385,
      0.016734117552638053,
      0.016432248017191887,
      0.016159572780132293,
      0.015946538132429123,
      0.015809925493597984,
      0.015720472383499145,
      0.015642980033159257,
      0.015598054212331772,
      0.015581013861298561
    ]
  },
  "32": {
    "latent_dim": 32,
    "parameters": 476720,
    "train_recon_loss": [
      0.049266906702518466,
      0.023247919832666716,
      0.02025872006615003,
      0.01837312496205171,
      0.017357266639669737,
      0.016688363065322242,
      0.016114243871967,
      0.015643204787373542,
      0.015227421121795972,
      0.014881052068372567,
      0.014611250840127469,
      0.01441544712583224,
      0.014278867997725805,
      0.014195654832820098,
      0.014155140096942584
    ],
    "test_recon_loss": [
      0.025894242799282072,
      0.02158368151783943,
      0.019213446840643883,
      0.01783689517080784,
      0.01703857977092266,
      0.016529999524354935,
      0.015971051236987114,
      0.015534011030197144,
      0.015161001852154733,
      0.014860699206590652,
      0.014624270871281623,
      0.014475973081588746,
      0.014364245516061783,
      0.014307978415489198,
      0.014283188357949258
    ]
  }
}